{
  "metrics": {
    "checks": {
      "fails": 0,
      "passes": 10780,
      "thresholds": {
        "rate>0.99": false
      },
      "value": 1
    },
    "data_received": {
      "count": 35944930,
      "rate": 1192977.7037027916
    },
    "data_sent": {
      "count": 927570,
      "rate": 30785.15742341405
    },
    "group_duration": {
      "avg": 27.89617503877545,
      "max": 301.479,
      "med": 18.256583499999998,
      "min": 1.016084,
      "p(95)": 84.9340854,
      "p(99)": 148.80708249999998
    },
    "http_req_blocked": {
      "avg": 0.0027526901669764053,
      "max": 1.634,
      "med": 0.001,
      "min": 0,
      "p(95)": 0.002,
      "p(99)": 0.003
    },
    "http_req_connecting": {
      "avg": 0.00040092764378478663,
      "max": 0.469,
      "med": 0,
      "min": 0,
      "p(95)": 0,
      "p(99)": 0
    },
    "http_req_duration": {
      "avg": 27.846493042671668,
      "max": 301.444,
      "med": 18.214,
      "min": 0.978,
      "p(95)": 84.88629999999999,
      "p(99)": 148.74831999999998
    },
    "http_req_duration{expected_response:true}": {
      "avg": 27.846493042671668,
      "max": 301.444,
      "med": 18.214,
      "min": 0.978,
      "p(95)": 84.88629999999999,
      "p(99)": 148.74831999999998
    },
    "http_req_failed": {
      "fails": 10780,
      "passes": 0,
      "value": 0
    },
    "http_req_receiving": {
      "avg": 0.501728571428572,
      "max": 27.572,
      "med": 0.101,
      "min": 0.007,
      "p(95)": 2.1220499999999993,
      "p(99)": 5.168839999999999
    },
    "http_req_sending": {
      "avg": 0.006303432282003838,
      "max": 9.001,
      "med": 0.005,
      "min": 0.001,
      "p(95)": 0.009,
      "p(99)": 0.017
    },
    "http_req_tls_handshaking": {
      "avg": 0,
      "max": 0,
      "med": 0,
      "min": 0,
      "p(95)": 0,
      "p(99)": 0
    },
    "http_req_waiting": {
      "avg": 27.33846103896102,
      "max": 301.378,
      "med": 17.775,
      "min": 0.958,
      "p(95)": 84.08264999999999,
      "p(99)": 147.04645999999994
    },
    "http_reqs": {
      "count": 10780,
      "rate": 357.77784644221293
    },
    "iteration_duration": {
      "avg": 613.8740727999999,
      "max": 764.188416,
      "med": 614.752063,
      "min": 170.671417,
      "p(95)": 684.9397126499999,
      "p(99)": 716.23153474
    },
    "iterations": {
      "count": 490,
      "rate": 16.262629383736954
    },
    "latency_api_accounts": {
      "avg": 28.49621632653061,
      "max": 87.218,
      "med": 25.3405,
      "min": 6.995,
      "p(95)": 56.56884999999996,
      "p(99)": 75.95631999999999
    },
    "latency_api_assets": {
      "avg": 26.063779591836756,
      "max": 83.737,
      "med": 22.64,
      "min": 5.67,
      "p(95)": 53.7376,
      "p(99)": 72.06612999999999
    },
    "latency_api_bonuses": {
      "avg": 14.03011836734694,
      "max": 57.395,
      "med": 12.059000000000001,
      "min": 1.598,
      "p(95)": 28.6934,
      "p(99)": 43.57304999999999
    },
    "latency_api_company_valuations": {
      "avg": 14.198559183673478,
      "max": 70.347,
      "med": 11.8885,
      "min": 2.134,
      "p(95)": 30.6362,
      "p(99)": 42.941579999999995
    },
    "latency_api_config": {
      "avg": 17.362302040816335,
      "max": 67.11,
      "med": 13.7035,
      "min": 3.981,
      "p(95)": 42.54264999999999,
      "p(99)": 56.14206999999999
    },
    "latency_api_cpi_series": {
      "avg": 18.703193877551012,
      "max": 75.203,
      "med": 14.9235,
      "min": 0.978,
      "p(95)": 40.046699999999994,
      "p(99)": 65.09288
    },
    "latency_api_dashboard": {
      "avg": 122.41547959183683,
      "max": 301.444,
      "med": 116.019,
      "min": 47.473,
      "p(95)": 208.05899999999997,
      "p(99)": 292.43424
    },
    "latency_api_debts": {
      "avg": 17.940187755102055,
      "max": 61.387,
      "med": 14.798,
      "min": 3.084,
      "p(95)": 36.8822,
      "p(99)": 49.686179999999986
    },
    "latency_api_equity_grants": {
      "avg": 14.35414897959183,
      "max": 76.337,
      "med": 11.789000000000001,
      "min": 2.058,
      "p(95)": 31.422199999999986,
      "p(99)": 52.895409999999984
    },
    "latency_api_goals": {
      "avg": 17.733357142857123,
      "max": 78.917,
      "med": 13.542,
      "min": 3.486,
      "p(95)": 43.1461,
      "p(99)": 56.84227
    },
    "latency_api_investment_bond_stats": {
      "avg": 18.555361224489797,
      "max": 70.758,
      "med": 15.014,
      "min": 2.057,
      "p(95)": 40.0751,
      "p(99)": 53.34735999999996
    },
    "latency_api_investment_stock_stats": {
      "avg": 18.151587755102017,
      "max": 84.112,
      "med": 14.631499999999999,
      "min": 2.365,
      "p(95)": 38.82279999999999,
      "p(99)": 64.76620999999999
    },
    "latency_api_payments": {
      "avg": 15.969248979591836,
      "max": 54.353,
      "med": 12.376999999999999,
      "min": 2.916,
      "p(95)": 37.19839999999999,
      "p(99)": 44.12281999999998
    },
    "latency_api_personas": {
      "avg": 19.78298571428573,
      "max": 67.283,
      "med": 15.7085,
      "min": 3.705,
      "p(95)": 46.747699999999995,
      "p(99)": 57.74404999999999
    },
    "latency_api_retirement_ppk_stats": {
      "avg": 26.629993877551026,
      "max": 86.697,
      "med": 21.9725,
      "min": 3.778,
      "p(95)": 56.34174999999999,
      "p(99)": 71.82991999999999
    },
    "latency_api_retirement_stats": {
      "avg": 32.230420408163255,
      "max": 103.332,
      "med": 26.939,
      "min": 5.279,
      "p(95)": 63.87819999999999,
      "p(99)": 83.76393999999999
    },
    "latency_api_salaries": {
      "avg": 23.39581020408164,
      "max": 84.217,
      "med": 19.735,
      "min": 4.345,
      "p(95)": 44.42224999999999,
      "p(99)": 57.78175999999994
    },
    "latency_api_simulations_prefill": {
      "avg": 41.59017959183669,
      "max": 157.959,
      "med": 35.9755,
      "min": 3.881,
      "p(95)": 86.7794,
      "p(99)": 109.23172999999997
    },
    "latency_api_snapshots": {
      "avg": 67.58119183673479,
      "max": 152.198,
      "med": 62.81,
      "min": 30.442,
      "p(95)": 116.46549999999996,
      "p(99)": 132.13285
    },
    "latency_api_transactions": {
      "avg": 17.16449387755103,
      "max": 72.15,
      "med": 14.0665,
      "min": 3.916,
      "p(95)": 36.02945,
      "p(99)": 50.48703999999999
    },
    "latency_api_zus_prefill": {
      "avg": 24.9111306122449,
      "max": 92.932,
      "med": 20.051000000000002,
      "min": 1.719,
      "p(95)": 53.08809999999999,
      "p(99)": 73.61201
    },
    "latency_health": {
      "avg": 15.363100000000014,
      "max": 73.305,
      "med": 11.715,
      "min": 1.755,
      "p(95)": 36.92264999999999,
      "p(99)": 54.68182
    },
    "vus": {
      "max": 10,
      "min": 10,
      "value": 10
    },
    "vus_max": {
      "max": 10,
      "min": 10,
      "value": 10
    }
  },
  "root_group": {
    "checks": {},
    "groups": {
      "/api/accounts": {
        "checks": {
          "/api/accounts: 2xx": {
            "fails": 0,
            "id": "74aeeea8e79f683eeb8e65ee3a324667",
            "name": "/api/accounts: 2xx",
            "passes": 490,
            "path": "::/api/accounts::/api/accounts: 2xx"
          }
        },
        "groups": {},
        "id": "0c40b305e9df35355f3e9556bc2f1bba",
        "name": "/api/accounts",
        "path": "::/api/accounts"
      },
      "/api/assets": {
        "checks": {
          "/api/assets: 2xx": {
            "fails": 0,
            "id": "f1a4c46e6ae79759438be46cb7de9a65",
            "name": "/api/assets: 2xx",
            "passes": 490,
            "path": "::/api/assets::/api/assets: 2xx"
          }
        },
        "groups": {},
        "id": "96ad319522d45a4ce442e064646e0981",
        "name": "/api/assets",
        "path": "::/api/assets"
      },