{
  "metrics": {
    "checks": {
      "fails": 0,
      "passes": 9856,
      "value": 1
    },
    "data_received": {
      "count": 32863936,
      "rate": 1082710.635135689
    },
    "data_sent": {
      "count": 848064,
      "rate": 27939.681725150418
    },
    "group_duration": {
      "avg": 30.745337535511325,
      "max": 466.671125,
      "med": 17.5084375,
      "min": 2.510875,
      "p(95)": 107.29279124999987,
      "p(99)": 190.04967864999995
    },
    "http_req_blocked": {
      "avg": 0.0030323660714289594,
      "max": 1.593,
      "med": 0.001,
      "min": 0,
      "p(95)": 0.003,
      "p(99)": 0.004
    },
    "http_req_connecting": {
      "avg": 0.0004159902597402597,
      "max": 0.426,
      "med": 0,
      "min": 0,
      "p(95)": 0,
      "p(99)": 0
    },
    "http_req_duration": {
      "avg": 30.693343648538992,
      "max": 466.587,
      "med": 17.465,
      "min": 2.465,
      "p(95)": 107.25199999999987,
      "p(99)": 190.00424999999993
    },
    "http_req_duration{expected_response:true}": {
      "avg": 30.693343648538992,
      "max": 466.587,
      "med": 17.465,
      "min": 2.465,
      "p(95)": 107.25199999999987,
      "p(99)": 190.00424999999993
    },
    "http_req_failed": {
      "fails": 9856,
      "passes": 0,
      "thresholds": {
        "rate<0.01": false
      },
      "value": 0
    },
    "http_req_receiving": {
      "avg": 0.5328328936688335,
      "max": 42.647,
      "med": 0.152,
      "min": 0.006,
      "p(95)": 2.1804999999999994,
      "p(99)": 5.538499999999997
    },
    "http_req_sending": {
      "avg": 0.006500608766233966,
      "max": 1.178,
      "med": 0.005,
      "min": 0.001,
      "p(95)": 0.01,
      "p(99)": 0.021
    },
    "http_req_tls_handshaking": {
      "avg": 0,
      "max": 0,
      "med": 0,
      "min": 0,
      "p(95)": 0,
      "p(99)": 0
    },
    "http_req_waiting": {
      "avg": 30.15401014610386,
      "max": 463.532,
      "med": 17.0805,
      "min": 2.353,
      "p(95)": 106.48074999999997,
      "p(99)": 189.23484999999994
    },
    "http_reqs": {
      "count": 9856,
      "rate": 324.7083982848966
    },
    "iteration_duration": {
      "avg": 676.6198895022322,
      "max": 1681.120041,
      "med": 644.675667,
      "min": 465.728917,
      "p(95)": 859.5369248999996,
      "p(99)": 1514.6094202599995
    },
    "iterations": {
      "count": 448,
      "rate": 14.75947264931348
    },
    "latency_api_accounts": {
      "avg": 37.88180580357143,
      "max": 133.561,
      "med": 33.606,
      "min": 7.095,
      "p(95)": 79.3209,
      "p(99)": 113.10286999999995
    },
    "latency_api_assets": {
      "avg": 31.83818303571428,
      "max": 116.46,
      "med": 26.628,
      "min": 4.975,
      "p(95)": 70.30404999999998,
      "p(99)": 104.11138999999999
    },
    "latency_api_bonuses": {
      "avg": 13.670897321428571,
      "max": 85.469,
      "med": 11.109,
      "min": 6.002,
      "p(95)": 31.762799999999995,
      "p(99)": 49.75312999999998
    },
    "latency_api_company_valuations": {
      "avg": 13.992649553571427,
      "max": 100.89,
      "med": 11.0965,
      "min": 4.875,
      "p(95)": 31.20884999999998,
      "p(99)": 69.46221999999996
    },
    "latency_api_config": {
      "avg": 17.323781250000003,
      "max": 99.172,
      "med": 12.867,
      "min": 4.567,
      "p(95)": 41.08124999999999,
      "p(99)": 60.22898999999999
    },
    "latency_api_cpi_series": {
      "avg": 18.228424107142864,
      "max": 91.454,
      "med": 13.377,
      "min": 3.684,
      "p(95)": 47.05924999999999,
      "p(99)": 65.30586999999998
    },
    "latency_api_dashboard": {
      "avg": 147.30877901785723,
      "max": 466.587,
      "med": 139.13049999999998,
      "min": 50.193,
      "p(95)": 239.66889999999998,
      "p(99)": 339.04805
    },
    "latency_api_debts": {
      "avg": 16.71972544642858,
      "max": 295.265,
      "med": 13.1055,
      "min": 6.236,
      "p(95)": 37.35584999999998,
      "p(99)": 57.8969
    },
    "latency_api_equity_grants": {
      "avg": 14.459658482142865,
      "max": 260.185,
      "med": 11.606,
      "min": 5.08,
      "p(95)": 32.57629999999999,
      "p(99)": 45.46128999999999
    },
    "latency_api_goals": {
      "avg": 16.54557812500001,
      "max": 231.476,
      "med": 11.8675,
      "min": 4.155,
      "p(95)": 41.75709999999999,
      "p(99)": 65.9746
    },
    "latency_api_investment_bond_stats": {
      "avg": 17.98041071428569,
      "max": 119.279,
      "med": 14.4345,
      "min": 7.512,
      "p(95)": 39.860249999999986,
      "p(99)": 60.52062999999998
    },
    "latency_api_investment_stock_stats": {
      "avg": 17.591075892857152,
      "max": 108.087,
      "med": 14.146999999999998,
      "min": 7.633,
      "p(95)": 39.04975,
      "p(99)": 64.72680999999999
    },
    "latency_api_payments": {
      "avg": 17.31963392857142,
      "max": 270.302,
      "med": 12.006499999999999,
      "min": 6,
      "p(95)": 35.82704999999999,
      "p(99)": 122.19435999999973
    },
    "latency_api_personas": {
      "avg": 20.215473214285716,
      "max": 106.669,
      "med": 14.935,
      "min": 4.348,
      "p(95)": 47.67874999999999,
      "p(99)": 68.2567
    },
    "latency_api_retirement_ppk_stats": {
      "avg": 26.100272321428573,
      "max": 122.715,
      "med": 20.299,
      "min": 10.438,
      "p(95)": 53.33395,
      "p(99)": 77.63429
    },
    "latency_api_retirement_stats": {
      "avg": 31.646816964285737,
      "max": 146.711,
      "med": 26.637500000000003,
      "min": 12.971,
      "p(95)": 58.37855,
      "p(99)": 113.18556
    },
    "latency_api_salaries": {
      "avg": 22.67448660714285,
      "max": 338.934,
      "med": 18.847499999999997,
      "min": 8.04,
      "p(95)": 41.67354999999999,
      "p(99)": 69.82708
    },
    "latency_api_simulations_prefill": {
      "avg": 48.46715625000003,
      "max": 164.101,
      "med": 39.0625,
      "min": 10.423,
      "p(95)": 111.60544999999999,
      "p(99)": 147.94870999999998
    },
    "latency_api_snapshots": {
      "avg": 80.57710937500005,
      "max": 260.103,
      "med": 74.08,
      "min": 29.919,
      "p(95)": 149.36194999999998,
      "p(99)": 201.76299
    },
    "latency_api_transactions": {
      "avg": 19.650457589285732,
      "max": 235.601,
      "med": 13.6145,
      "min": 5.958,
      "p(95)": 40.45314999999999,
      "p(99)": 168.76088999999996
    },
    "latency_api_zus_prefill": {
      "avg": 25.86081473214285,
      "max": 102.132,
      "med": 18.738999999999997,
      "min": 6.884,
      "p(95)": 63.50534999999999,
      "p(99)": 83.61928
    },
    "latency_health": {
      "avg": 19.200370535714292,
      "max": 141.074,
      "med": 14.3825,
      "min": 2.465,
      "p(95)": 52.29789999999999,
      "p(99)": 82.17199999999998
    },
    "vus": {
      "max": 10,
      "min": 10,
      "value": 10
    },
    "vus_max": {
      "max": 10,
      "min": 10,
      "value": 10
    }
  },
  "root_group": {
    "checks": {},
    "groups": {
      "/api/accounts": {
        "checks": {
          "/api/accounts: 2xx": {
            "fails": 0,
            "id": "74aeeea8e79f683eeb8e65ee3a324667",
            "name": "/api/accounts: 2xx",
            "passes": 448,
            "path": "::/api/accounts::/api/accounts: 2xx"
          }
        },
        "groups": {},
        "id": "0c40b305e9df35355f3e9556bc2f1bba",
        "name": "/api/accounts",
        "path": "::/api/accounts"
      },
      "/api/assets": {
        "checks": {
          "/api/assets: 2xx": {
            "fails": 0,
            "id": "f1a4c46e6ae79759438be46cb7de9a65",
            "name": "/api/assets: 2xx",
            "passes": 448,
            "path": "::/api/assets::/api/assets: 2xx"
          }
        },
        "groups": {},
        "id": "96ad319522d45a4ce442e064646e0981",
        "name": "/api/assets",
        "path": "::/api/assets"
      },